﻿<?xml version="1.0" encoding="utf-8"?><HelpTOCNode Title="StringExtensions Methods" Url="html/bb131a63-975a-ba02-534e-4a24a6ca573a.htm"><HelpTOCNode Title="CapitalizeFirstLetter Method" Url="html/94454624-225a-fe83-590d-34e175f1ba84.htm" /><HelpTOCNode Title="ConvertCyrillicToLatinLetters Method" Url="html/60cb82d4-a607-a35b-449d-24fe368a745b.htm" /><HelpTOCNode Title="ConvertLatinToCyrillicKeyboard Method" Url="html/8cd6a540-177a-d07f-5e7b-a6d0087be78d.htm" /><HelpTOCNode Title="GetFileExtension Method" Url="html/69d7e4dd-1418-107a-a980-6a0bbe9e8716.htm" /><HelpTOCNode Title="GetFirstCharacters Method" Url="html/b9508016-9810-9c0a-4a76-cc2ebe620c79.htm" /><HelpTOCNode Title="GetStringBetween Method" Url="html/07e710e6-6ab7-6179-4c92-7bea95fd64db.htm" /><HelpTOCNode Title="ToBoolean Method" Url="html/58236aca-74d9-280a-3c95-36a54e5bde5f.htm" /><HelpTOCNode Title="ToByteArray Method" Url="html/a1bf4946-7fb1-1516-4790-c93ceb2f8ff1.htm" /><HelpTOCNode Title="ToContentType Method" Url="html/69441115-6a85-231b-c332-6f2789c4bd22.htm" /><HelpTOCNode Title="ToDateTime Method" Url="html/9ec0f86f-8fd0-dd55-e0f5-3f451aaccbce.htm" /><HelpTOCNode Title="ToInteger Method" Url="html/b4dc18d7-bd5b-8b0c-f7f6-eea18ea42d17.htm" /><HelpTOCNode Title="ToLong Method" Url="html/077b543a-2e0f-84c3-a609-880a9527d306.htm" /><HelpTOCNode Title="ToMd5Hash Method" Url="html/dd5dcd10-7e6e-85e5-a93c-76dfa4859697.htm" /><HelpTOCNode Title="ToShort Method" Url="html/7c7889c4-da58-c456-7605-27189c37ff21.htm" /><HelpTOCNode Title="ToValidLatinFileName Method" Url="html/62b27e98-28ff-c2d4-2692-b80e2fb2da9d.htm" /><HelpTOCNode Title="ToValidUsername Method" Url="html/6304b0ef-bdb7-1812-5bb4-2fcaa17f2594.htm" /></HelpTOCNode>