﻿<?xml version="1.0" encoding="utf-8"?><HelpTOC><HelpTOCNode Title="ArraySlider" Url="html/af776343-0f5e-1580-bb97-796951574347.htm" HasChildren="true" /><HelpTOCNode Title="MatrixMultiplication" Url="html/c212d9a5-4d2b-249a-3725-7ed304abcc80.htm" HasChildren="true" /><HelpTOCNode Title="Minesweeper" Url="html/c3d96d59-3268-d0d4-afbc-d3fb8fb789d1.htm" HasChildren="true" /><HelpTOCNode Title="Orders" Url="html/c50153a4-5ff7-766b-8f20-1f3bd34f90aa.htm" HasChildren="true" /><HelpTOCNode Title="Orders.Models" Url="html/715eaac0-f1d6-7d57-195e-48e3eb7d352b.htm" HasChildren="true" /><HelpTOCNode Title="StringExtensions" Url="html/1fed29c1-26c5-be75-48bb-f461c67c1ea6.htm" HasChildren="true" /><HelpTOCNode Title="YoloSnake" Url="html/f935f8e8-612b-069d-dc1c-e01e0c5af56c.htm" HasChildren="true" /><HelpTOCNode Title="YoloSnake.Core" Url="html/2123e71a-a994-3199-0683-fc312be9410d.htm" HasChildren="true" /><HelpTOCNode Title="YoloSnake.Enums" Url="html/04e61e2e-b8b7-b0e6-9afa-a42cf20b1b78.htm" HasChildren="true" /><HelpTOCNode Title="YoloSnake.Interfaces" Url="html/7161359d-147b-4cbd-5acc-8002dd2299dd.htm" HasChildren="true" /><HelpTOCNode Title="YoloSnake.Models" Url="html/28e9a679-392c-cf29-129a-1844b945b1f4.htm" HasChildren="true" /></HelpTOC>